{"state":{"isStdOutTTY":true,"isStdErrTTY":true,"testRunDurationMs":11981.1585},"metrics":{"data_received":{"values":{"count":26964412,"rate":2250568.0064244205},"type":"counter","contains":"data"},"http_req_sending":{"values":{"avg":0.08711489361702128,"min":0,"med":0,"max":1.0739,"p(90)":0.33485999999999994,"p(95)":0.47199999999999953},"type":"trend","contains":"time"},"http_req_waiting":{"values":{"p(90)":259.47996,"p(95)":271.97898,"avg":281.06791914893614,"min":200.5913,"med":238.3177,"max":2150.9419},"type":"trend","contains":"time"},"vus_max":{"type":"gauge","contains":"default","values":{"value":10,"min":10,"max":10}},"http_req_connecting":{"values":{"avg":11.10988510638298,"min":0,"med":0,"max":54.3111,"p(90)":54.3111,"p(95)":54.3111},"type":"trend","contains":"time"},"http_req_blocked":{"type":"trend","contains":"time","values":{"avg":63.92615106382979,"min":0,"med":0,"max":305.5487,"p(90)":297.3203,"p(95)":305.5487}},"data_sent":{"contains":"data","values":{"count":181256,"rate":15128.420177397704},"type":"counter"},"iteration_duration":{"type":"trend","contains":"time","values":{"min":1680.4551,"med":2268.578,"max":3911.8891,"p(90)":2981.6045999999997,"p(95)":3416.735689999998,"avg":2389.8800659574467}},"http_req_failed":{"type":"rate","contains":"default","values":{"rate":0,"passes":0,"fails":47}},"checks":{"values":{"passes":47,"fails":0,"rate":1},"type":"rate","contains":"default"},"iterations":{"type":"counter","contains":"default","values":{"rate":3.9228259938302297,"count":47}},"http_req_duration{expected_response:true}":{"values":{"p(90)":1813.01706,"p(95)":2116.422809999998,"avg":1324.6789510638296,"min":679.99,"med":1267.5882,"max":2778.1751},"type":"trend","contains":"time"},"vus":{"type":"gauge","contains":"default","values":{"value":7,"min":7,"max":10}},"http_reqs":{"type":"counter","contains":"default","values":{"count":47,"rate":3.9228259938302297}},"http_req_tls_handshaking":{"type":"trend","contains":"time","values":{"avg":27.64189999999999,"min":0,"med":0,"max":138.0003,"p(90)":129.7719,"p(95)":133.021}},"http_req_duration":{"type":"trend","contains":"time","values":{"p(95)":2116.422809999998,"avg":1324.6789510638296,"min":679.99,"med":1267.5882,"max":2778.1751,"p(90)":1813.01706}},"http_req_receiving":{"values":{"med":1013.5945,"max":2374.4503,"p(90)":1488.6237599999997,"p(95)":1593.3527,"avg":1043.5239170212765,"min":440.0605},"type":"trend","contains":"time"}},"root_group":{"name":"","path":"","id":"d41d8cd98f00b204e9800998ecf8427e","groups":[],"checks":[{"name":"status is 200","path":"::status is 200","id":"6210a8cd14cd70477eba5c5e4cb3fb5f","passes":47,"fails":0}]},"options":{"summaryTrendStats":["avg","min","med","max","p(90)","p(95)"],"summaryTimeUnit":"","noColor":false}}